EmployeeID,FirstName,LastName,Gender,DateOfBirth,PhoneNumber,Email,HireDate,DepartmentID,JobID
1,Sneha,Nair,Female,1993-11-03,9837935046,sneha.nair1@company.com,2023-01-23,2,18
2,Rohan,Patil,Male,2001-12-26,9568907031,rohan.patil2@company.com,2018-10-02,6,15
3,Nikhil,Joshi,Male,2001-04-05,9395867098,nikhil.joshi3@company.com,2025-09-08,6,6
4,Rohan,Mishra,Male,1994-10-22,9250942234,rohan.mishra4@company.com,2025-10-24,4,13
5,Priya,Patil,Female,1994-04-23,9730319430,priya.patil5@company.com,2025-01-07,3,16
6,Amit,Jain,Male,2003-12-03,9575333130,amit.jain6@company.com,2023-02-27,8,4
7,Aarav,Reddy,Male,2001-10-03,9804653146,aarav.reddy7@company.com,2020-06-13,8,4
8,Rohan,Desai,Male,1991-06-10,9761965490,rohan.desai8@company.com,2026-05-12,4,20
9,Vikas,Singh,Male,2003-02-08,9381302129,vikas.singh9@company.com,2020-10-20,1,3
10,Nikhil,Mishra,Male,1996-01-04,9088257066,nikhil.mishra10@company.com,2026-04-12,5,19
11,Riya,Sharma,Female,1997-03-04,9361517666,riya.sharma11@company.com,2026-02-04,7,8
12,Meera,Desai,Female,1993-04-19,9036528190,meera.desai12@company.com,2020-10-20,1,20
13,Amit,Mishra,Male,2001-10-01,9668283704,amit.mishra13@company.com,2024-12-02,8,9
14,Rahul,Desai,Male,1997-07-13,9361680349,rahul.desai14@company.com,2025-09-02,5,5
15,Pooja,Nair,Female,1990-02-16,9560709543,pooja.nair15@company.com,2022-11-09,2,16
16,Isha,Desai,Female,1995-06-17,9527721458,isha.desai16@company.com,2026-11-14,7,3
17,Meera,Yadav,Female,1990-06-24,9989585747,meera.yadav17@company.com,2025-04-19,7,4
18,Riya,Desai,Female,2002-07-16,9073262995,riya.desai18@company.com,2022-06-18,6,6
19,Vikas,Nair,Male,1995-10-12,9240153909,vikas.nair19@company.com,2018-07-18,6,6
20,Vivaan,Kulkarni,Male,1990-03-17,9636643901,vivaan.kulkarni20@company.com,2023-05-21,5,7
21,Nikhil,Nair,Male,1992-03-23,9023884312,nikhil.nair21@company.com,2023-02-22,3,16
22,Rahul,Nair,Male,2000-03-03,9697606832,rahul.nair22@company.com,2018-07-07,4,10
23,Pooja,Sharma,Female,1996-05-14,9190489818,pooja.sharma23@company.com,2018-04-13,1,4
24,Anjali,Reddy,Female,1997-12-23,9784813575,anjali.reddy24@company.com,2026-11-08,7,8
25,Priya,Joshi,Female,1995-03-07,9183670929,priya.joshi25@company.com,2025-07-11,4,12
26,Sneha,Kulkarni,Female,1990-04-20,9444621047,sneha.kulkarni26@company.com,2026-02-25,3,19
27,Isha,Verma,Female,1994-10-16,9925691442,isha.verma27@company.com,2022-05-04,7,14
28,Pooja,Jain,Female,1998-04-12,9098369569,pooja.jain28@company.com,2021-08-21,4,8
29,Anjali,Verma,Female,2001-05-19,9079659426,anjali.verma29@company.com,2020-12-25,1,13
30,Karan,Gupta,Male,1990-04-18,9249899571,karan.gupta30@company.com,2024-05-15,2,20
31,Akash,Patel,Male,1997-11-23,9363766844,akash.patel31@company.com,2023-11-22,8,6
32,Amit,Yadav,Male,1992-03-18,9999410099,amit.yadav32@company.com,2022-01-13,1,15
33,Sakshi,Verma,Female,1994-05-02,9258537981,sakshi.verma33@company.com,2021-05-28,5,3
34,Neha,Yadav,Female,1997-03-02,9953899189,neha.yadav34@company.com,2025-04-11,7,12
35,Riya,Gupta,Female,2003-04-10,9273497567,riya.gupta35@company.com,2018-09-02,5,3
36,Isha,Singh,Female,1993-12-26,9881704708,isha.singh36@company.com,2026-07-13,3,18
37,Riya,Reddy,Female,1990-01-24,9482502141,riya.reddy37@company.com,2024-11-09,8,19
38,Vikas,Patel,Male,1990-01-19,9332496769,vikas.patel38@company.com,2020-03-16,8,10
39,Aarav,Yadav,Male,1996-12-15,9094455626,aarav.yadav39@company.com,2023-09-25,7,13
40,Karan,Joshi,Male,2000-01-05,9891412489,karan.joshi40@company.com,2026-02-13,1,15
41,Neha,Patel,Female,2001-02-27,9462198008,neha.patel41@company.com,2024-11-11,8,1
42,Amit,Mehta,Male,2000-12-01,9749344103,amit.mehta42@company.com,2024-03-17,2,8
43,Nikhil,Nair,Male,2003-07-05,9813798234,nikhil.nair43@company.com,2018-09-04,6,12
44,Meera,Reddy,Female,2001-11-03,9865434747,meera.reddy44@company.com,2019-07-09,5,2
45,Vikas,Patel,Male,1992-04-16,9246301753,vikas.patel45@company.com,2026-01-25,4,14
46,Simran,Sharma,Female,1991-12-25,9773340617,simran.sharma46@company.com,2022-10-02,7,5
47,Karan,Singh,Male,1998-01-03,9317152422,karan.singh47@company.com,2025-12-01,4,20
48,Karan,Verma,Male,1995-08-14,9339874749,karan.verma48@company.com,2026-10-05,6,9
49,Neha,Joshi,Female,1991-07-01,9525569034,neha.joshi49@company.com,2018-10-04,1,18
50,Karan,Patel,Male,2003-07-22,9724774056,karan.patel50@company.com,2022-04-19,3,20
51,Priya,Joshi,Female,1995-10-20,9935701545,priya.joshi51@company.com,2022-12-06,6,3
52,Isha,Nair,Female,1990-05-24,9645608175,isha.nair52@company.com,2021-12-22,3,11
53,Amit,Desai,Male,1998-10-21,9126231218,amit.desai53@company.com,2023-11-22,5,19
54,Sneha,Verma,Female,1993-08-20,9632301010,sneha.verma54@company.com,2026-03-26,4,14
55,Riya,Desai,Female,1994-02-09,9312746095,riya.desai55@company.com,2023-04-14,6,10
56,Akash,Yadav,Male,1990-07-15,9503150182,akash.yadav56@company.com,2021-08-22,4,9
57,Aarav,Jain,Male,1994-07-03,9955371722,aarav.jain57@company.com,2025-06-27,7,8
58,Riya,Mishra,Female,1992-04-24,9585990903,riya.mishra58@company.com,2018-10-11,4,4
59,Pooja,Sharma,Female,1993-10-22,9253509135,pooja.sharma59@company.com,2025-01-19,8,4
60,Neha,Joshi,Female,2002-04-15,9942272048,neha.joshi60@company.com,2020-04-04,7,12
61,Priya,Mishra,Female,2002-01-03,9184451737,priya.mishra61@company.com,2024-06-14,4,8
62,Simran,Joshi,Female,2000-06-14,9813328751,simran.joshi62@company.com,2019-09-22,4,9
63,Isha,Mishra,Female,1993-12-28,9006713281,isha.mishra63@company.com,2018-01-03,6,17
64,Sneha,Singh,Female,1998-04-03,9721286075,sneha.singh64@company.com,2024-06-17,6,8
65,Neha,Mishra,Female,2000-04-23,9103270106,neha.mishra65@company.com,2024-03-06,3,7
66,Meera,Nair,Female,1998-03-07,9202043475,meera.nair66@company.com,2022-02-14,3,12
67,Neha,Patil,Female,2000-05-18,9449559978,neha.patil67@company.com,2023-12-28,5,19
68,Amit,Sharma,Male,1991-06-16,9152250109,amit.sharma68@company.com,2024-01-14,7,3
69,Pooja,Gupta,Female,1994-11-08,9755729409,pooja.gupta69@company.com,2019-04-25,5,6
70,Amit,Gupta,Male,1991-02-28,9113413285,amit.gupta70@company.com,2019-08-19,2,4
71,Vivaan,Reddy,Male,1992-05-15,9186144141,vivaan.reddy71@company.com,2026-05-02,2,20
72,Riya,Sharma,Female,1994-03-28,9752887326,riya.sharma72@company.com,2022-09-07,5,17
73,Aditya,Joshi,Male,1994-07-02,9460952350,aditya.joshi73@company.com,2025-09-09,4,16
74,Aditya,Mehta,Male,1995-10-21,9038655240,aditya.mehta74@company.com,2019-03-11,2,8
75,Aarav,Singh,Male,2000-08-16,9692475097,aarav.singh75@company.com,2020-10-28,1,2
76,Karan,Verma,Male,2002-04-05,9849290345,karan.verma76@company.com,2025-06-11,7,20
77,Akash,Patel,Male,1994-06-07,9435986754,akash.patel77@company.com,2018-09-26,5,15
78,Sneha,Sharma,Female,1993-04-17,9531060632,sneha.sharma78@company.com,2022-08-15,2,16
79,Nikhil,Patil,Male,1993-08-17,9777976851,nikhil.patil79@company.com,2020-10-01,7,18
80,Aditya,Mishra,Male,1991-05-21,9890546851,aditya.mishra80@company.com,2019-02-07,8,18
81,Vivaan,Yadav,Male,1998-03-19,9031923199,vivaan.yadav81@company.com,2026-10-06,2,7
82,Sakshi,Sharma,Female,2000-12-25,9950442412,sakshi.sharma82@company.com,2024-08-25,6,12
83,Simran,Desai,Female,1999-09-04,9942067158,simran.desai83@company.com,2025-11-05,3,15
84,Rahul,Mehta,Male,1995-05-18,9203113510,rahul.mehta84@company.com,2024-11-02,4,5
85,Rahul,Reddy,Male,1999-11-25,9999949388,rahul.reddy85@company.com,2024-03-08,3,1
86,Karan,Mishra,Male,1994-02-04,9689563191,karan.mishra86@company.com,2023-09-09,6,5
87,Neha,Patel,Female,2000-11-18,9116495532,neha.patel87@company.com,2024-03-16,5,20
88,Simran,Verma,Female,1992-11-25,9108549835,simran.verma88@company.com,2024-02-13,1,9
89,Vivaan,Yadav,Male,2000-10-16,9906498941,vivaan.yadav89@company.com,2022-06-20,8,15
90,Akash,Jain,Male,1991-12-10,9174737565,akash.jain90@company.com,2020-05-21,7,1
91,Rahul,Sharma,Male,1991-08-05,9444881933,rahul.sharma91@company.com,2024-12-25,1,1
92,Riya,Sharma,Female,2002-06-23,9246877362,riya.sharma92@company.com,2025-09-18,2,6
93,Priya,Verma,Female,1990-06-06,9361668745,priya.verma93@company.com,2020-04-24,6,18
94,Pooja,Mishra,Female,1993-08-04,9911882815,pooja.mishra94@company.com,2024-01-01,6,6
95,Sneha,Joshi,Female,1994-05-02,9216702668,sneha.joshi95@company.com,2025-03-25,2,8
96,Rohan,Kulkarni,Male,2003-07-28,9822028332,rohan.kulkarni96@company.com,2020-07-18,2,13
97,Karan,Verma,Male,2001-10-14,9639174719,karan.verma97@company.com,2020-07-23,3,18
98,Anjali,Nair,Female,1991-08-26,9139808775,anjali.nair98@company.com,2022-01-18,8,17
99,Meera,Yadav,Female,1994-10-24,9443114058,meera.yadav99@company.com,2024-12-20,6,10
100,Rahul,Sharma,Male,1997-05-18,9337347998,rahul.sharma100@company.com,2022-11-22,3,15
101,Riya,Gupta,Female,1994-04-15,9775379527,riya.gupta101@company.com,2019-06-09,8,16
102,Rohan,Yadav,Male,1991-01-08,9276813918,rohan.yadav102@company.com,2025-12-19,2,16
103,Simran,Kulkarni,Female,1994-02-28,9366434115,simran.kulkarni103@company.com,2022-07-09,8,10
104,Meera,Yadav,Female,2003-07-24,9282161936,meera.yadav104@company.com,2021-03-09,5,15
105,Isha,Joshi,Female,1997-10-18,9865177697,isha.joshi105@company.com,2021-11-25,7,13
106,Priya,Desai,Female,2003-12-22,9251245436,priya.desai106@company.com,2022-09-19,8,18
107,Aarav,Singh,Male,1990-10-08,9301354766,aarav.singh107@company.com,2024-11-28,3,13
108,Vivaan,Singh,Male,2003-11-17,9978148240,vivaan.singh108@company.com,2019-07-17,8,15
109,Aditya,Sharma,Male,1995-11-06,9239994004,aditya.sharma109@company.com,2018-03-10,8,18
110,Aarav,Verma,Male,1991-08-05,9953476845,aarav.verma110@company.com,2026-09-06,1,12
111,Riya,Patil,Female,1996-08-24,9197944970,riya.patil111@company.com,2025-06-06,6,2
112,Priya,Jain,Female,2000-06-04,9175522770,priya.jain112@company.com,2024-01-06,8,20
113,Meera,Nair,Female,1994-06-27,9756077715,meera.nair113@company.com,2018-02-10,8,7
114,Sneha,Patil,Female,1999-07-06,9295158146,sneha.patil114@company.com,2020-01-03,3,9
115,Sneha,Singh,Female,2002-11-15,9130890844,sneha.singh115@company.com,2025-09-26,7,9
116,Vivaan,Singh,Male,2003-11-18,9639679320,vivaan.singh116@company.com,2021-12-02,6,1
117,Amit,Desai,Male,1992-08-08,9165945932,amit.desai117@company.com,2026-12-23,8,14
118,Rohan,Patil,Male,1997-07-22,9599402388,rohan.patil118@company.com,2020-05-13,3,10
119,Priya,Mishra,Female,2001-10-09,9559336379,priya.mishra119@company.com,2020-09-02,8,19
120,Riya,Patel,Female,1998-10-06,9126672528,riya.patel120@company.com,2018-07-01,4,1
121,Akash,Patel,Male,1993-09-20,9260861949,akash.patel121@company.com,2023-12-13,4,18
122,Simran,Reddy,Female,2000-08-17,9591295466,simran.reddy122@company.com,2020-07-13,2,20
123,Rohan,Gupta,Male,1996-09-02,9378570983,rohan.gupta123@company.com,2020-04-04,4,18
124,Sneha,Kulkarni,Female,1999-01-15,9203211986,sneha.kulkarni124@company.com,2019-10-08,6,6
125,Amit,Verma,Male,1995-12-23,9685512952,amit.verma125@company.com,2024-07-24,7,9
126,Riya,Nair,Female,1994-03-12,9360112593,riya.nair126@company.com,2026-09-07,4,16
127,Anjali,Jain,Female,2003-01-24,9263846571,anjali.jain127@company.com,2019-09-18,7,16
128,Priya,Yadav,Female,1996-03-18,9509018610,priya.yadav128@company.com,2018-09-17,3,7
129,Pooja,Patel,Female,1990-11-17,9289871734,pooja.patel129@company.com,2025-03-10,6,7
130,Simran,Nair,Female,1990-10-01,9659131163,simran.nair130@company.com,2018-12-04,5,5
131,Pooja,Patil,Female,1995-03-15,9254558181,pooja.patil131@company.com,2022-12-15,6,13
132,Akash,Mishra,Male,1995-10-09,9082824061,akash.mishra132@company.com,2024-05-02,4,9
133,Priya,Jain,Female,1998-06-25,9406915100,priya.jain133@company.com,2021-03-25,2,3
134,Sneha,Desai,Female,1994-10-28,9202873324,sneha.desai134@company.com,2026-09-22,8,3
135,Rahul,Yadav,Male,1999-08-25,9500114028,rahul.yadav135@company.com,2018-09-12,7,18
136,Akash,Joshi,Male,2000-06-27,9302776574,akash.joshi136@company.com,2025-12-06,2,15
137,Anjali,Jain,Female,1996-01-02,9392641332,anjali.jain137@company.com,2022-02-24,7,3
138,Vivaan,Reddy,Male,1998-03-06,9821006263,vivaan.reddy138@company.com,2018-12-02,3,5
139,Vivaan,Jain,Male,2000-05-02,9541445389,vivaan.jain139@company.com,2019-09-04,6,18
140,Anjali,Desai,Female,1991-12-28,9579437443,anjali.desai140@company.com,2020-10-01,4,18
141,Anjali,Nair,Female,1993-09-14,9405368173,anjali.nair141@company.com,2022-06-03,8,19
142,Priya,Reddy,Female,1998-05-02,9134516274,priya.reddy142@company.com,2018-04-17,7,4
143,Karan,Mishra,Male,2001-05-05,9150903353,karan.mishra143@company.com,2023-03-11,7,6
144,Isha,Gupta,Female,1991-03-12,9807283119,isha.gupta144@company.com,2024-04-28,8,19
145,Rohan,Desai,Male,1999-12-07,9813195436,rohan.desai145@company.com,2021-03-18,7,12
146,Akash,Mishra,Male,2000-03-17,9340308778,akash.mishra146@company.com,2022-08-11,5,20
147,Sakshi,Jain,Female,1997-07-03,9677645531,sakshi.jain147@company.com,2020-07-16,7,12
148,Aarav,Mishra,Male,2001-01-11,9795469156,aarav.mishra148@company.com,2021-06-24,4,4
149,Amit,Gupta,Male,1998-02-10,9747852008,amit.gupta149@company.com,2025-01-09,3,8
150,Isha,Desai,Female,1990-12-03,9970113399,isha.desai150@company.com,2023-04-28,2,10
151,Priya,Jain,Female,1996-03-09,9344761613,priya.jain151@company.com,2023-05-10,7,9
152,Vikas,Reddy,Male,1998-02-02,9637849851,vikas.reddy152@company.com,2022-03-12,4,8
153,Priya,Gupta,Female,1996-11-09,9491073532,priya.gupta153@company.com,2022-06-06,1,8
154,Priya,Kulkarni,Female,2002-11-04,9382304658,priya.kulkarni154@company.com,2024-08-06,8,10
155,Nikhil,Reddy,Male,1998-07-03,9175270124,nikhil.reddy155@company.com,2024-06-15,6,14
156,Sakshi,Mishra,Female,1992-08-21,9621411570,sakshi.mishra156@company.com,2019-07-08,2,9
157,Aditya,Desai,Male,1994-03-26,9269466034,aditya.desai157@company.com,2021-11-11,6,17
158,Meera,Joshi,Female,2000-07-26,9604139584,meera.joshi158@company.com,2026-12-28,3,2
159,Nikhil,Verma,Male,1999-08-13,9098271583,nikhil.verma159@company.com,2021-02-08,1,11
160,Sakshi,Kulkarni,Female,1992-05-23,9121159813,sakshi.kulkarni160@company.com,2022-10-12,6,11
161,Priya,Gupta,Female,2003-02-10,9666479479,priya.gupta161@company.com,2022-12-08,3,16
162,Amit,Sharma,Male,2001-09-07,9097386408,amit.sharma162@company.com,2019-10-11,4,19
163,Meera,Nair,Female,1992-11-18,9083742052,meera.nair163@company.com,2026-06-16,3,5
164,Vikas,Mehta,Male,1991-12-08,9089770077,vikas.mehta164@company.com,2021-04-17,1,7
165,Priya,Singh,Female,1990-08-19,9937263645,priya.singh165@company.com,2025-04-05,4,12
166,Rahul,Joshi,Male,1993-12-11,9990766960,rahul.joshi166@company.com,2019-09-21,3,16
167,Pooja,Mehta,Female,1993-04-07,9089289252,pooja.mehta167@company.com,2023-05-26,1,6
168,Meera,Nair,Female,1990-10-26,9819839560,meera.nair168@company.com,2024-07-11,8,16
169,Pooja,Mishra,Female,1991-04-07,9284595794,pooja.mishra169@company.com,2020-12-28,1,10
170,Nikhil,Mishra,Male,1994-02-13,9965095435,nikhil.mishra170@company.com,2021-04-13,7,12
171,Anjali,Verma,Female,2000-12-16,9433122459,anjali.verma171@company.com,2024-11-18,1,16
172,Sneha,Singh,Female,1991-07-27,9142767629,sneha.singh172@company.com,2022-11-07,4,20
173,Priya,Reddy,Female,1993-11-28,9724093768,priya.reddy173@company.com,2023-11-06,8,10
174,Anjali,Yadav,Female,2000-06-19,9202134791,anjali.yadav174@company.com,2018-10-19,5,17
175,Priya,Jain,Female,1995-04-07,9628255791,priya.jain175@company.com,2026-11-03,2,11
176,Aarav,Kulkarni,Male,1994-01-25,9624768287,aarav.kulkarni176@company.com,2026-05-15,1,11
177,Aditya,Verma,Male,1990-08-11,9206792221,aditya.verma177@company.com,2026-01-27,1,5
178,Aarav,Reddy,Male,1999-07-05,9979752454,aarav.reddy178@company.com,2023-09-09,3,11
179,Riya,Kulkarni,Female,1995-10-24,9073411590,riya.kulkarni179@company.com,2020-01-23,5,17
180,Isha,Desai,Female,1995-06-06,9423204674,isha.desai180@company.com,2022-05-11,1,20
181,Pooja,Yadav,Female,1995-10-24,9860035090,pooja.yadav181@company.com,2021-03-03,8,10
182,Riya,Jain,Female,1995-09-07,9103000756,riya.jain182@company.com,2022-10-28,6,8
183,Riya,Kulkarni,Female,1991-06-22,9047261894,riya.kulkarni183@company.com,2026-01-21,8,9
184,Neha,Patil,Female,1997-07-08,9676080721,neha.patil184@company.com,2020-03-05,2,5
185,Aarav,Sharma,Male,1998-08-15,9702632756,aarav.sharma185@company.com,2021-07-08,8,6
186,Simran,Nair,Female,1998-06-04,9198602285,simran.nair186@company.com,2019-01-17,2,7
187,Amit,Sharma,Male,1990-03-28,9066912747,amit.sharma187@company.com,2019-12-15,2,8
188,Priya,Reddy,Female,1990-08-10,9629979978,priya.reddy188@company.com,2023-03-28,1,15
189,Nikhil,Mehta,Male,1995-01-02,9547065976,nikhil.mehta189@company.com,2021-01-28,1,16
190,Neha,Patil,Female,2003-07-12,9671517906,neha.patil190@company.com,2020-01-28,5,15
191,Rohan,Reddy,Male,1994-12-12,9185846194,rohan.reddy191@company.com,2026-12-28,3,15
192,Pooja,Patel,Female,1991-06-24,9036650974,pooja.patel192@company.com,2023-03-23,2,3
193,Vivaan,Mehta,Male,2000-04-23,9032522096,vivaan.mehta193@company.com,2020-08-12,7,12
194,Sneha,Patel,Female,1991-03-25,9633011011,sneha.patel194@company.com,2025-08-03,4,2
195,Akash,Nair,Male,1998-06-23,9012428849,akash.nair195@company.com,2023-05-12,4,18
196,Meera,Mishra,Female,1995-02-10,9816188932,meera.mishra196@company.com,2019-07-08,3,4
197,Simran,Patil,Female,1994-07-22,9673716242,simran.patil197@company.com,2024-04-19,3,7
198,Rahul,Jain,Male,1997-07-28,9893809641,rahul.jain198@company.com,2022-03-22,5,16
199,Vikas,Kulkarni,Male,2002-05-07,9702575354,vikas.kulkarni199@company.com,2018-11-05,2,13
200,Akash,Mehta,Male,1993-12-14,9004883424,akash.mehta200@company.com,2022-01-09,5,9
